<?xml version="1.0" encoding="utf-8"?>
<!--Created using XmlSitemapGenerator.org - Free HTML, RSS and XML sitemap generator-->
<rss version="2.0">
  <channel>
    <title>OK</title>
    <link>https://hlvs-apps.github.io</link>
    <description />
    <item>
      <guid>https://hlvs-apps.github.io/d-l/index-en.html</guid>
      <title>DoubleLauncher</title>
      <link>https://hlvs-apps.github.io/d-l/index-en.html</link>
      <description />
      <pubDate>Mi, 30 Dez 2020 12:00:00 Z</pubDate>
    </item>
    <item>
      <guid>https://hlvs-apps.github.io/d-l/index-de.html</guid>
      <title>DoubleLauncher</title>
      <link>https://hlvs-apps.github.io/d-l/index-de.html</link>
      <description />
      <pubDate>Mi, 30 Dez 2020 12:00:00 Z</pubDate>
    </item>
    <item>
      <guid>https://hlvs-apps.github.io/d-l/termsofservice.html</guid>
      <title>DoubleLauncher</title>
      <link>https://hlvs-apps.github.io/d-l/termsofservice.html</link>
      <description />
      <pubDate>Mi, 30 Dez 2020 01:33:00 Z</pubDate>
    </item>
    <item>
      <guid>https://hlvs-apps.github.io/d-l/impressum.html</guid>
      <title>DoubleLauncher</title>
      <link>https://hlvs-apps.github.io/d-l/impressum.html</link>
      <description />
      <pubDate>Mi, 30 Dez 2020 12:00:00 Z</pubDate>
    </item>
    <item>
      <guid>https://hlvs-apps.github.io/d-l/privacypolicy.html</guid>
      <title>DoubleLauncher</title>
      <link>https://hlvs-apps.github.io/d-l/privacypolicy.html</link>
      <description />
      <pubDate>Mi, 30 Dez 2020 12:00:00 Z</pubDate>
    </item>
    <item>
      <guid>https://hlvs-apps.github.io/d-l/apptermspolicy-en.html</guid>
      <title>DoubleLauncher</title>
      <link>https://hlvs-apps.github.io/d-l/apptermspolicy-en.html</link>
      <description />
      <pubDate>Mi, 30 Dez 2020 12:00:00 Z</pubDate>
    </item>
    <item>
      <guid>https://hlvs-apps.github.io/d-l/apptermspolicy-de.html</guid>
      <title>DoubleLauncher</title>
      <link>https://hlvs-apps.github.io/d-l/apptermspolicy-de.html</link>
      <description />
      <pubDate>Mi, 30 Dez 2020 12:00:00 Z</pubDate>
    </item>
    <item>
      <guid>https://hlvs-apps.github.io</guid>
      <title>OK</title>
      <link>https://hlvs-apps.github.io</link>
      <description />
      <pubDate>Mi, 30 Dez 2020 12:00:00 Z</pubDate>
    </item>
    <item>
      <guid>https://hlvs-apps.github.io/d-l/index.html</guid>
      <title>OK</title>
      <link>https://hlvs-apps.github.io/d-l/index.html</link>
      <description />
      <pubDate>Mi, 30 Dez 2020 01:33:00 Z</pubDate>
    </item>
    <item>
      <guid>https://hlvs-apps.github.io/d-l/apptermspolicy.html</guid>
      <title>OK</title>
      <link>https://hlvs-apps.github.io/d-l/apptermspolicy.html</link>
      <description />
      <pubDate>Mi, 30 Dez 2020 12:00:00 Z</pubDate>
    </item>
  </channel>
</rss>
<!--<guid value="" />-->
<!--Created using XmlSitemapGenerator.org - Free HTML, RSS and XML sitemap generator-->