<?xml version="1.0" encoding="utf-8"?>
<!--Created using XmlSitemapGenerator.org - Free HTML, RSS and XML sitemap generator-->
<rss version="2.0">
  <channel>
    <title>OK</title>
    <link>https://hlvs-apps.github.io</link>
    <description />
    <item>
      <guid>https://hlvs-apps.github.io/double-launcher/privacypolicy.html</guid>
      <title>Datenschutzerklärung</title>
      <link>https://hlvs-apps.github.io/double-launcher/privacypolicy.html</link>
      <description />
      <pubDate>Di, 19 Jan 2021 07:03:00 Z</pubDate>
    </item>
    <item>
      <guid>https://hlvs-apps.github.io/double-launcher/index-de.html</guid>
      <title>DoubleLauncher - Einfach Android Apps doppelt starten ohne sie zu Klonen</title>
      <link>https://hlvs-apps.github.io/double-launcher/index-de.html</link>
      <description />
      <pubDate>Di, 19 Jan 2021 07:03:00 Z</pubDate>
    </item>
    <item>
      <guid>https://hlvs-apps.github.io/double-launcher/index-en.html</guid>
      <title>DoubleLauncher - Launch Android aps twice withot cloning them</title>
      <link>https://hlvs-apps.github.io/double-launcher/index-en.html</link>
      <description />
      <pubDate>Di, 19 Jan 2021 07:03:00 Z</pubDate>
    </item>
    <item>
      <guid>https://hlvs-apps.github.io/double-launcher/tutorials-de.html</guid>
      <title>DoubleLauncher Tutorials</title>
      <link>https://hlvs-apps.github.io/double-launcher/tutorials-de.html</link>
      <description />
      <pubDate>Di, 19 Jan 2021 07:03:00 Z</pubDate>
    </item>
    <item>
      <guid>https://hlvs-apps.github.io/double-launcher/tutorials-en.html</guid>
      <title>DoubleLauncher Tutorials</title>
      <link>https://hlvs-apps.github.io/double-launcher/tutorials-en.html</link>
      <description />
      <pubDate>Di, 19 Jan 2021 07:03:00 Z</pubDate>
    </item>
    <item>
      <guid>https://hlvs-apps.github.io/double-launcher/impressum.html</guid>
      <title>Impressum</title>
      <link>https://hlvs-apps.github.io/double-launcher/impressum.html</link>
      <description />
      <pubDate>Di, 19 Jan 2021 07:03:00 Z</pubDate>
    </item>
    <item>
      <guid>https://hlvs-apps.github.io</guid>
      <title>OK</title>
      <link>https://hlvs-apps.github.io</link>
      <description />
      <pubDate>Mo, 18 Jan 2021 06:58:00 Z</pubDate>
    </item>
    <item>
      <guid>https://hlvs-apps.github.io/double-launcher/index.html</guid>
      <title>OK</title>
      <link>https://hlvs-apps.github.io/double-launcher/index.html</link>
      <description />
      <pubDate>Di, 19 Jan 2021 07:03:00 Z</pubDate>
    </item>
    <item>
      <guid>https://hlvs-apps.github.io/double-launcher/stepbystepdoublelaunch.html</guid>
      <title>OK</title>
      <link>https://hlvs-apps.github.io/double-launcher/stepbystepdoublelaunch.html</link>
      <description />
      <pubDate>Di, 19 Jan 2021 07:03:00 Z</pubDate>
    </item>
    <item>
      <guid>https://hlvs-apps.github.io/double-launcher/tutorials.html</guid>
      <title>OK</title>
      <link>https://hlvs-apps.github.io/double-launcher/tutorials.html</link>
      <description />
      <pubDate>Di, 19 Jan 2021 07:03:00 Z</pubDate>
    </item>
    <item>
      <guid>https://hlvs-apps.github.io/double-launcher/apptermspolicy.html</guid>
      <title>OK</title>
      <link>https://hlvs-apps.github.io/double-launcher/apptermspolicy.html</link>
      <description />
      <pubDate>Di, 19 Jan 2021 07:03:00 Z</pubDate>
    </item>
    <item>
      <guid>https://hlvs-apps.github.io/double-launcher/apptermspolicy-de.html</guid>
      <title>Privacy policy and Terms of Service of App</title>
      <link>https://hlvs-apps.github.io/double-launcher/apptermspolicy-de.html</link>
      <description />
      <pubDate>Di, 19 Jan 2021 07:03:00 Z</pubDate>
    </item>
    <item>
      <guid>https://hlvs-apps.github.io/double-launcher/apptermspolicy-en.html</guid>
      <title>Privacy policy and Terms of Service of App</title>
      <link>https://hlvs-apps.github.io/double-launcher/apptermspolicy-en.html</link>
      <description />
      <pubDate>Di, 19 Jan 2021 07:03:00 Z</pubDate>
    </item>
    <item>
      <guid>https://hlvs-apps.github.io/double-launcher/stepbystepdoublelaunchDE.html</guid>
      <title>Schritt für Schritt Anleitung - Android Apps doppelt starten</title>
      <link>https://hlvs-apps.github.io/double-launcher/stepbystepdoublelaunchDE.html</link>
      <description />
      <pubDate>Di, 19 Jan 2021 07:03:00 Z</pubDate>
    </item>
    <item>
      <guid>https://hlvs-apps.github.io/double-launcher/stepbystepdoublelaunchEN.html</guid>
      <title>Step-by-Step Guide - Launch Android apps twice </title>
      <link>https://hlvs-apps.github.io/double-launcher/stepbystepdoublelaunchEN.html</link>
      <description />
      <pubDate>Di, 19 Jan 2021 07:03:00 Z</pubDate>
    </item>
    <item>
      <guid>https://hlvs-apps.github.io/double-launcher/termsofservice.html</guid>
      <title>Terms of Service</title>
      <link>https://hlvs-apps.github.io/double-launcher/termsofservice.html</link>
      <description />
      <pubDate>Di, 19 Jan 2021 07:03:00 Z</pubDate>
    </item>
  </channel>
</rss>
<!--<guid value="" />-->
<!--Created using XmlSitemapGenerator.org - Free HTML, RSS and XML sitemap generator-->